filename,labels
IMG_20140922_141541933.jpg,"['BifeBovinoChapa', 'CarneBovinaPanela', 'Cenoura', 'FeijaoCarioca', 'Macarrao', 'PeitoFrango', 'PureBatata', 'StrogonoffCarne']"
IMG_20140922_141545285.jpg,"['BifeBovinoChapa', 'CarneBovinaPanela', 'Cenoura', 'FeijaoCarioca', 'Macarrao', 'PureBatata', 'StrogonoffCarne', 'StrogonoffFrango']"
IMG_20140922_141548258.jpg,"['BifeBovinoChapa', 'Cenoura', 'FeijaoCarioca', 'Macarrao', 'PureBatata', 'StrogonoffCarne']"
IMG_20140922_141552615.jpg,"['BifeBovinoChapa', 'CarneBovinaPanela', 'Cenoura', 'FeijaoCarioca', 'Macarrao', 'PeitoFrango', 'PureBatata', 'StrogonoffCarne', 'StrogonoffFrango']"
IMG_20140922_141555901.jpg,"['BifeBovinoChapa', 'CarneBovinaPanela', 'FeijaoCarioca', 'Macarrao', 'PureBatata', 'StrogonoffCarne']"
IMG_20140922_141558768.jpg,"['BifeBovinoChapa', 'FeijaoCarioca', 'Macarrao', 'PureBatata', 'StrogonoffCarne', 'StrogonoffFrango']"
IMG_20140922_141601906.jpg,"['BifeBovinoChapa', 'CarneBovinaPanela', 'FeijaoCarioca', 'Macarrao', 'PureBatata', 'StrogonoffCarne']"
IMG_20140922_141605398.jpg,"['BifeBovinoChapa', 'CarneBovinaPanela', 'Cenoura', 'FeijaoCarioca', 'Macarrao', 'PureBatata', 'StrogonoffCarne']"
IMG_20140922_141609496.jpg,"['BifeBovinoChapa', 'CarneBovinaPanela', 'Cenoura', 'FeijaoCarioca', 'Macarrao', 'PureBatata', 'StrogonoffCarne']"
IMG_20140922_141715409.jpg,"['Alface', 'BifeBovinoChapa', 'FeijaoCarioca', 'PeitoFrango', 'PureBatata', 'StrogonoffCarne', 'StrogonoffFrango']"
IMG_20140922_141718090.jpg,"['Alface', 'BifeBovinoChapa', 'FeijaoCarioca', 'PeitoFrango', 'PureBatata']"
IMG_20140922_141722942.jpg,"['Alface', 'BifeBovinoChapa', 'CarneBovinaPanela', 'Cenoura', 'FeijaoCarioca', 'PeitoFrango', 'PureBatata', 'StrogonoffCarne', 'StrogonoffFrango']"
IMG_20140922_141725524.jpg,"['Alface', 'BifeBovinoChapa', 'FeijaoCarioca', 'PeitoFrango', 'PureBatata', 'StrogonoffFrango']"
IMG_20140922_141731024.jpg,"['Alface', 'BifeBovinoChapa', 'FeijaoCarioca', 'PeitoFrango', 'PureBatata']"
IMG_20140922_141737531.jpg,"['Alface', 'BifeBovinoChapa', 'FeijaoCarioca', 'PeitoFrango', 'PureBatata', 'StrogonoffCarne']"
IMG_20140922_141739947.jpg,"['Alface', 'BifeBovinoChapa', 'FeijaoCarioca', 'PeitoFrango', 'PureBatata', 'StrogonoffCarne']"
IMG_20140922_141743923.jpg,"['Alface', 'BifeBovinoChapa', 'CarneBovinaPanela', 'FeijaoCarioca', 'PeitoFrango', 'PureBatata']"
IMG_20140922_141749449.jpg,"['Alface', 'BifeBovinoChapa', 'CarneBovinaPanela', 'PeitoFrango', 'PureBatata', 'StrogonoffFrango']"
IMG_20140922_141953922.jpg,"['Almondega', 'BifeBovinoChapa', 'FeijaoCarioca', 'PeitoFrango']"
IMG_20140922_141956688.jpg,"['BifeBovinoChapa', 'FeijaoCarioca', 'PeitoFrango', 'PureBatata']"
IMG_20140922_141959973.jpg,"['Alface', 'BifeBovinoChapa', 'FeijaoCarioca', 'PeitoFrango', 'PureBatata', 'StrogonoffFrango']"
IMG_20140922_142002835.jpg,"['BifeBovinoChapa', 'FeijaoCarioca', 'PeitoFrango', 'StrogonoffFrango']"
IMG_20140922_142006494.jpg,"['Alface', 'BifeBovinoChapa', 'PeitoFrango', 'PureBatata']"
IMG_20140922_142008810.jpg,"['Alface', 'BifeBovinoChapa', 'FeijaoCarioca', 'PeitoFrango', 'PureBatata']"
IMG_20140922_142012455.jpg,"['Alface', 'BifeBovinoChapa', 'FeijaoCarioca', 'PeitoFrango', 'PureBatata']"
IMG_20140922_142018215.jpg,"['BifeBovinoChapa', 'PeitoFrango', 'PureBatata']"
IMG_20140922_142022007.jpg,"['Almondega', 'BifeBovinoChapa', 'PeitoFrango']"
IMG_20140922_142024454.jpg,"['Alface', 'Almondega', 'BifeBovinoChapa', 'FeijaoCarioca', 'PeitoFrango']"
IMG_20140922_142029011.jpg,"['Alface', 'BifeBovinoChapa', 'PeitoFrango', 'PureBatata']"
IMG_20140922_142032405.jpg,"['Alface', 'BifeBovinoChapa', 'PeitoFrango']"
IMG_20140922_142035977.jpg,"['Alface', 'BifeBovinoChapa', 'CarneBovinaPanela', 'FeijaoCarioca', 'PeitoFrango', 'PureBatata']"
IMG_20140922_142039746.jpg,"['Alface', 'BifeBovinoChapa', 'CarneBovinaPanela', 'FeijaoCarioca', 'Maionese', 'PeitoFrango', 'PureBatata']"
IMG_20140923_141839167.jpg,"['FeijaoCarioca', 'Macarrao', 'StrogonoffCarne']"
IMG_20140923_141843918.jpg,"['BifeBovinoChapa', 'CarneBovinaPanela', 'FeijaoCarioca', 'PeitoFrango', 'PureBatata', 'StrogonoffCarne']"
IMG_20140923_141847844.jpg,"['BifeBovinoChapa', 'CarneBovinaPanela', 'FeijaoCarioca', 'Macarrao', 'StrogonoffCarne', 'StrogonoffFrango']"
IMG_20140923_141851728.jpg,"['BifeBovinoChapa', 'CarneBovinaPanela', 'FeijaoCarioca', 'Macarrao', 'PureBatata', 'StrogonoffCarne']"
IMG_20140923_141858705.jpg,"['BifeBovinoChapa', 'CarneBovinaPanela', 'FeijaoCarioca', 'Macarrao', 'PureBatata', 'StrogonoffCarne']"
IMG_20140923_141901553.jpg,"['BifeBovinoChapa', 'CarneBovinaPanela', 'FeijaoCarioca', 'PeitoFrango', 'StrogonoffFrango']"
IMG_20140923_141912036.jpg,"['BifeBovinoChapa', 'CarneBovinaPanela', 'FeijaoCarioca', 'Macarrao', 'StrogonoffCarne']"
IMG_20140923_142132372.jpg,"['BifeBovinoChapa', 'FeijaoCarioca', 'PeitoFrango']"
IMG_20140923_142136974.jpg,"['Alface', 'BifeBovinoChapa', 'FeijaoCarioca', 'PeitoFrango', 'PureBatata']"
IMG_20140923_142139627.jpg,"['Alface', 'BifeBovinoChapa', 'FeijaoCarioca', 'PeitoFrango', 'PureBatata', 'StrogonoffCarne']"
IMG_20140923_142142307.jpg,"['Alface', 'BifeBovinoChapa', 'CarneBovinaPanela', 'Macarrao', 'PureBatata']"
IMG_20140923_142155960.jpg,"['Alface', 'BifeBovinoChapa', 'FeijaoCarioca', 'Macarrao', 'PeitoFrango', 'PureBatata']"
IMG_20140923_142158768.jpg,"['Alface', 'BifeBovinoChapa', 'FeijaoCarioca', 'PeitoFrango', 'PureBatata', 'StrogonoffCarne']"
IMG_20140923_142201578.jpg,"['Alface', 'BifeBovinoChapa', 'FeijaoCarioca', 'PureBatata']"
IMG_20140923_142204034.jpg,"['Alface', 'BifeBovinoChapa', 'PureBatata']"
IMG_20140923_142206679.jpg,"['BifeBovinoChapa', 'FeijaoCarioca', 'PeitoFrango', 'PureBatata']"
IMG_20140923_142210125.jpg,"['Alface', 'BifeBovinoChapa', 'CarneBovinaPanela', 'Macarrao', 'PeitoFrango', 'PureBatata']"
IMG_20140923_142327366.jpg,"['BifeBovinoChapa', 'FeijaoCarioca', 'Macarrao', 'StrogonoffCarne']"
IMG_20140923_142337965.jpg,"['BifeBovinoChapa', 'CarneBovinaPanela', 'FeijaoCarioca', 'Macarrao']"
IMG_20140923_142341729.jpg,"['BifeBovinoChapa', 'CarneBovinaPanela', 'Macarrao', 'PureBatata']"
IMG_20140923_142345726.jpg,"['BifeBovinoChapa', 'CarneBovinaPanela', 'FeijaoCarioca', 'Macarrao', 'PureBatata']"
IMG_20140923_142350023.jpg,"['BifeBovinoChapa', 'CarneBovinaPanela', 'FeijaoCarioca', 'Macarrao', 'PureBatata', 'StrogonoffCarne']"
IMG_20140923_142354180.jpg,"['BifeBovinoChapa', 'CarneBovinaPanela', 'FeijaoCarioca', 'Macarrao', 'PureBatata', 'StrogonoffCarne']"
IMG_20140923_142358872.jpg,"['BifeBovinoChapa', 'CarneBovinaPanela', 'FeijaoCarioca', 'Macarrao', 'PureBatata', 'StrogonoffCarne', 'StrogonoffFrango']"
IMG_20140923_142403477.jpg,"['BifeBovinoChapa', 'CarneBovinaPanela', 'FeijaoCarioca', 'Macarrao', 'PureBatata', 'StrogonoffCarne', 'StrogonoffFrango']"
IMG_20140923_142407526.jpg,"['BifeBovinoChapa', 'CarneBovinaPanela', 'FeijaoCarioca', 'Macarrao', 'PeitoFrango', 'PureBatata']"
IMG_20140923_142411003.jpg,"['BifeBovinoChapa', 'CarneBovinaPanela', 'FeijaoCarioca', 'Macarrao', 'PureBatata', 'StrogonoffFrango']"
IMG_20140923_142415345.jpg,"['CarneBovinaPanela', 'FeijaoCarioca', 'Macarrao', 'PureBatata']"
IMG_20140923_142419813.jpg,"['CarneBovinaPanela', 'FeijaoCarioca', 'Macarrao', 'StrogonoffCarne', 'StrogonoffFrango']"
IMG_20140923_142428246.jpg,"['BifeBovinoChapa', 'CarneBovinaPanela', 'FeijaoCarioca', 'Macarrao', 'PureBatata', 'StrogonoffCarne', 'StrogonoffFrango']"
IMG_20140924_140210977.jpg,"['Alface', 'Beterraba', 'BifeBovinoChapa', 'CarneBovinaPanela', 'Cenoura', 'Macarrao']"
IMG_20140924_140214101.jpg,"['Alface', 'Beterraba', 'BifeBovinoChapa', 'CarneBovinaPanela', 'Cenoura', 'Macarrao', 'PeitoFrango']"
IMG_20140924_140217172.jpg,"['Alface', 'Beterraba', 'BifeBovinoChapa', 'CarneBovinaPanela', 'Cenoura', 'Macarrao', 'PeitoFrango']"
IMG_20140924_140220363.jpg,"['BifeBovinoChapa', 'Cenoura', 'FeijaoCarioca', 'Macarrao', 'PureBatata']"
IMG_20140924_140223186.jpg,"['Alface', 'CarneBovinaPanela', 'Cenoura', 'FeijaoCarioca', 'Macarrao', 'PeitoFrango', 'PureBatata']"
IMG_20140924_140226567.jpg,"['Alface', 'BifeBovinoChapa', 'CarneBovinaPanela', 'Cenoura', 'FeijaoCarioca', 'Macarrao']"
IMG_20140924_140229873.jpg,"['BifeBovinoChapa', 'CarneBovinaPanela', 'Cenoura', 'FeijaoCarioca', 'Macarrao', 'StrogonoffCarne']"
IMG_20140924_140233177.jpg,"['Alface', 'Beterraba', 'BifeBovinoChapa', 'CarneBovinaPanela', 'Cenoura', 'FeijaoCarioca', 'Macarrao']"
IMG_20140924_140236324.jpg,"['Beterraba', 'BifeBovinoChapa', 'CarneBovinaPanela', 'Cenoura', 'FeijaoCarioca', 'Macarrao', 'PureBatata']"
IMG_20140924_140241612.jpg,"['Beterraba', 'BifeBovinoChapa', 'CarneBovinaPanela', 'Macarrao']"
IMG_20140924_140246604.jpg,"['BifeBovinoChapa', 'CarneBovinaPanela', 'Cenoura', 'FeijaoCarioca', 'Macarrao', 'StrogonoffCarne']"
IMG_20140924_140250372.jpg,"['Alface', 'BifeBovinoChapa', 'CarneBovinaPanela', 'Cenoura', 'FeijaoCarioca', 'Macarrao']"
IMG_20140924_140255107.jpg,"['Alface', 'Beterraba', 'BifeBovinoChapa', 'Cenoura', 'Macarrao', 'PeitoFrango']"
IMG_20140924_140259946.jpg,"['Beterraba', 'BifeBovinoChapa', 'CarneBovinaPanela', 'Cenoura', 'Macarrao']"
IMG_20140924_140303447.jpg,"['Beterraba', 'BifeBovinoChapa', 'CarneBovinaPanela', 'Cenoura', 'Macarrao', 'PeitoFrango']"
IMG_20140924_140307967.jpg,"['Alface', 'Beterraba', 'CarneBovinaPanela', 'Cenoura', 'Macarrao', 'PeitoFrango']"
IMG_20140924_140311579.jpg,"['Alface', 'Cenoura', 'FeijaoCarioca', 'Macarrao', 'PureBatata']"
IMG_20140924_140315430.jpg,"['Alface', 'BifeBovinoChapa', 'CarneBovinaPanela', 'Cenoura', 'FeijaoCarioca', 'Macarrao', 'PureBatata']"
IMG_20140924_140725750.jpg,"['Alface', 'Cenoura', 'FeijaoCarioca', 'Macarrao']"
IMG_20140924_140729899.jpg,"['Alface', 'CarneBovinaPanela', 'Cenoura', 'FeijaoCarioca', 'Macarrao', 'PeitoFrango', 'PureBatata', 'Tomate']"
IMG_20140924_140733795.jpg,"['BifeBovinoChapa', 'CarneBovinaPanela', 'Cenoura', 'FeijaoCarioca', 'Macarrao', 'PureBatata', 'StrogonoffCarne']"
IMG_20140924_140737649.jpg,"['Alface', 'BifeBovinoChapa', 'CarneBovinaPanela', 'Cenoura', 'FeijaoCarioca', 'Macarrao', 'PeitoFrango', 'PureBatata', 'StrogonoffCarne']"
IMG_20140924_140742123.jpg,"['Alface', 'BifeBovinoChapa', 'CarneBovinaPanela', 'Cenoura', 'FeijaoCarioca', 'Macarrao', 'PeitoFrango', 'PureBatata', 'StrogonoffCarne']"
IMG_20140924_140745849.jpg,"['Alface', 'BifeBovinoChapa', 'Cenoura', 'Macarrao', 'PeitoFrango', 'StrogonoffCarne']"
IMG_20140924_140749822.jpg,"['Alface', 'BifeBovinoChapa', 'Cenoura', 'FeijaoCarioca', 'Macarrao', 'StrogonoffCarne']"
IMG_20140924_140752877.jpg,"['Alface', 'BifeBovinoChapa', 'Cenoura', 'FeijaoCarioca', 'Macarrao', 'Maionese', 'StrogonoffCarne']"
IMG_20140924_140756347.jpg,"['Alface', 'BifeBovinoChapa', 'Cenoura', 'Macarrao', 'PeitoFrango', 'PureBatata']"
IMG_20140924_140800943.jpg,"['Alface', 'BifeBovinoChapa', 'CarneBovinaPanela', 'Cenoura', 'FeijaoCarioca', 'Macarrao', 'PeitoFrango', 'PureBatata']"
IMG_20140924_140805707.jpg,"['Alface', 'BifeBovinoChapa', 'Cenoura', 'FeijaoCarioca', 'Macarrao', 'PeitoFrango']"
IMG_20140924_140809103.jpg,"['Alface', 'Cenoura', 'FeijaoCarioca', 'Macarrao']"
IMG_20140924_141128712.jpg,"['Alface', 'BifeBovinoChapa', 'FeijaoCarioca', 'Macarrao', 'Maionese', 'PeitoFrango', 'PureBatata', 'StrogonoffCarne']"
IMG_20140924_141132940.jpg,"['Alface', 'BifeBovinoChapa', 'CarneBovinaPanela', 'Cenoura', 'FeijaoCarioca', 'Macarrao', 'PeitoFrango', 'PureBatata', 'StrogonoffCarne']"
IMG_20140924_141137076.jpg,"['Alface', 'BifeBovinoChapa', 'Cenoura', 'FeijaoCarioca', 'Macarrao', 'PeitoFrango', 'PureBatata', 'StrogonoffCarne']"
IMG_20140924_141140699.jpg,"['Alface', 'BifeBovinoChapa', 'CarneBovinaPanela', 'FeijaoCarioca', 'Macarrao', 'PeitoFrango', 'PureBatata', 'StrogonoffCarne']"
IMG_20140924_141144612.jpg,"['Alface', 'BifeBovinoChapa', 'CarneBovinaPanela', 'Cenoura', 'FeijaoCarioca', 'Macarrao', 'StrogonoffCarne']"
IMG_20140924_141147960.jpg,"['Alface', 'CarneBovinaPanela', 'Cenoura', 'FeijaoCarioca', 'PeitoFrango', 'StrogonoffCarne']"
IMG_20140924_141150912.jpg,"['Alface', 'BifeBovinoChapa', 'CarneBovinaPanela', 'Cenoura', 'FeijaoCarioca', 'Macarrao', 'PeitoFrango', 'StrogonoffCarne']"
IMG_20140924_141153768.jpg,"['CarneBovinaPanela', 'Cenoura', 'FeijaoCarioca', 'PeitoFrango']"
IMG_20140924_141157107.jpg,"['Alface', 'BifeBovinoChapa', 'CarneBovinaPanela', 'Cenoura', 'FeijaoCarioca', 'PeitoFrango', 'PureBatata', 'StrogonoffCarne']"
IMG_20140924_141201180.jpg,"['Alface', 'BifeBovinoChapa', 'CarneBovinaPanela', 'Cenoura', 'FeijaoCarioca', 'Macarrao', 'PureBatata', 'StrogonoffCarne']"
IMG_20140924_141205151.jpg,"['Alface', 'BifeBovinoChapa', 'CarneBovinaPanela', 'FeijaoCarioca', 'Macarrao', 'PeitoFrango', 'StrogonoffCarne']"
IMG_20140924_141213669.jpg,"['Alface', 'BifeBovinoChapa', 'CarneBovinaPanela', 'FeijaoCarioca', 'Macarrao']"
IMG_20140924_141217706.jpg,"['Alface', 'BifeBovinoChapa', 'CarneBovinaPanela', 'Cenoura', 'FeijaoCarioca', 'Macarrao', 'PeitoFrango', 'PureBatata', 'StrogonoffCarne']"
IMG_20140925_142756609.jpg,"['BifeBovinoChapa', 'CarneBovinaPanela', 'Cenoura', 'FeijaoCarioca', 'Macarrao', 'PeitoFrango', 'PureBatata', 'StrogonoffCarne']"
IMG_20140925_142803154.jpg,"['Alface', 'BifeBovinoChapa', 'FeijaoCarioca', 'Macarrao', 'PeitoFrango', 'StrogonoffCarne', 'StrogonoffFrango']"
IMG_20140925_142808406.jpg,"['Alface', 'BifeBovinoChapa', 'FeijaoCarioca', 'Macarrao', 'PeitoFrango', 'PureBatata']"
IMG_20140925_142816661.jpg,"['BifeBovinoChapa', 'FeijaoCarioca', 'Macarrao', 'StrogonoffCarne']"
IMG_20140925_142824679.jpg,"['BifeBovinoChapa', 'FeijaoCarioca', 'Macarrao', 'StrogonoffCarne']"
IMG_20140925_142832913.jpg,"['BifeBovinoChapa', 'CarneBovinaPanela', 'FeijaoCarioca', 'Macarrao', 'PeitoFrango', 'StrogonoffCarne']"
IMG_20140925_142841432.jpg,"['BifeBovinoChapa', 'CarneBovinaPanela', 'FeijaoCarioca', 'Macarrao', 'PeitoFrango', 'StrogonoffCarne']"
IMG_20140925_142846747.jpg,"['BifeBovinoChapa', 'CarneBovinaPanela', 'FeijaoCarioca', 'Macarrao', 'PeitoFrango', 'StrogonoffCarne']"
IMG_20140925_142853063.jpg,"['BifeBovinoChapa', 'Macarrao', 'PeitoFrango', 'PureBatata', 'StrogonoffCarne']"
IMG_20140925_142859396.jpg,"['BifeBovinoChapa', 'CarneBovinaPanela', 'Cenoura', 'Macarrao', 'PeitoFrango', 'PureBatata', 'StrogonoffCarne', 'StrogonoffFrango']"
IMG_20140925_142903454.jpg,"['BifeBovinoChapa', 'CarneBovinaPanela', 'Cenoura', 'Macarrao', 'PeitoFrango', 'StrogonoffCarne', 'StrogonoffFrango']"
IMG_20140925_142907158.jpg,"['BifeBovinoChapa', 'CarneBovinaPanela', 'FeijaoCarioca', 'PeitoFrango', 'PureBatata', 'StrogonoffCarne']"
IMG_20140925_142910709.jpg,"['Alface', 'BifeBovinoChapa', 'FeijaoCarioca', 'PeitoFrango', 'PureBatata']"
IMG_20140925_142914503.jpg,"['BifeBovinoChapa', 'CarneBovinaPanela', 'Cenoura', 'Macarrao', 'PeitoFrango', 'PureBatata', 'StrogonoffFrango']"
IMG_20140925_142917854.jpg,"['BifeBovinoChapa', 'CarneBovinaPanela', 'Macarrao', 'PeitoFrango', 'StrogonoffFrango']"
IMG_20140925_142921400.jpg,"['BifeBovinoChapa', 'CarneBovinaPanela', 'Cenoura', 'Macarrao', 'StrogonoffCarne', 'StrogonoffFrango']"
IMG_20140925_142926445.jpg,"['BifeBovinoChapa', 'CarneBovinaPanela', 'Cenoura', 'FeijaoCarioca', 'Macarrao', 'StrogonoffFrango']"
IMG_20140926_140501433.jpg,"['BifeBovinoChapa', 'CarneBovinaPanela', 'Cenoura', 'FeijaoCarioca', 'PureBatata', 'StrogonoffCarne']"
IMG_20140926_140505834.jpg,"['BifeBovinoChapa', 'CarneBovinaPanela', 'FeijaoCarioca', 'Macarrao', 'StrogonoffCarne']"
IMG_20140926_140508758.jpg,"['BifeBovinoChapa', 'CarneBovinaPanela', 'FeijaoCarioca', 'Macarrao', 'StrogonoffCarne']"
IMG_20140926_140511730.jpg,"['BifeBovinoChapa', 'CarneBovinaPanela', 'FeijaoCarioca', 'Macarrao', 'PureBatata']"
IMG_20140926_140514520.jpg,"['BifeBovinoChapa', 'CarneBovinaPanela', 'FeijaoCarioca']"
IMG_20140926_140517193.jpg,"['CarneBovinaPanela', 'FeijaoCarioca', 'Macarrao', 'PureBatata']"
IMG_20140926_140519827.jpg,"['Cenoura', 'FeijaoCarioca', 'StrogonoffCarne']"
IMG_20140926_140522907.jpg,"['BifeBovinoChapa', 'FeijaoCarioca', 'StrogonoffCarne']"
IMG_20140926_140526256.jpg,"['BifeBovinoChapa', 'CarneBovinaPanela', 'FeijaoCarioca', 'PureBatata']"
IMG_20140926_140529223.jpg,"['BifeBovinoChapa', 'CarneBovinaPanela', 'Cenoura', 'FeijaoCarioca']"
IMG_20140926_140532118.jpg,"['BifeBovinoChapa', 'CarneBovinaPanela', 'Cenoura', 'FeijaoCarioca', 'StrogonoffCarne']"
IMG_20140926_140535085.jpg,"['BifeBovinoChapa', 'CarneBovinaPanela', 'Cenoura', 'FeijaoCarioca', 'Macarrao', 'StrogonoffCarne']"
IMG_20140926_140537863.jpg,"['BifeBovinoChapa', 'FeijaoCarioca', 'StrogonoffCarne']"
IMG_20140926_140540570.jpg,"['BifeBovinoChapa', 'CarneBovinaPanela', 'FeijaoCarioca', 'Macarrao', 'PureBatata', 'StrogonoffCarne']"
IMG_20140926_140545030.jpg,"['CarneBovinaPanela', 'FeijaoCarioca', 'StrogonoffCarne']"
IMG_20140926_140733571.jpg,"['BifeBovinoChapa', 'CarneBovinaPanela', 'Cenoura', 'FeijaoCarioca', 'Macarrao', 'Tomate']"
IMG_20140926_140738331.jpg,"['BifeBovinoChapa', 'CarneBovinaPanela', 'Cenoura', 'FeijaoCarioca', 'Maionese', 'StrogonoffCarne']"
IMG_20140926_140742196.jpg,"['BifeBovinoChapa', 'CarneBovinaPanela', 'FeijaoCarioca', 'StrogonoffCarne']"
IMG_20140926_140746079.jpg,"['BifeBovinoChapa', 'CarneBovinaPanela', 'FeijaoCarioca', 'StrogonoffCarne']"
IMG_20140926_140749346.jpg,"['Alface', 'BifeBovinoChapa', 'CarneBovinaPanela', 'Cenoura', 'FeijaoCarioca', 'PeitoFrango', 'Tomate']"
IMG_20140926_140753879.jpg,"['Alface', 'BifeBovinoChapa', 'CarneBovinaPanela', 'Cenoura', 'FeijaoCarioca', 'Tomate']"
IMG_20140926_140756732.jpg,"['BifeBovinoChapa', 'CarneBovinaPanela', 'Cenoura', 'FeijaoCarioca', 'Maionese', 'StrogonoffCarne']"
IMG_20141114_135647024.jpg,"['BifeBovinoChapa', 'CarneBovinaPanela', 'FeijaoCarioca', 'PureBatata', 'StrogonoffCarne']"
IMG_20141114_135700043.jpg,"['BifeBovinoChapa', 'CarneBovinaPanela', 'FeijaoCarioca', 'PeitoFrango', 'PureBatata', 'StrogonoffCarne', 'StrogonoffFrango']"
IMG_20141114_135704542.jpg,"['BifeBovinoChapa', 'CarneBovinaPanela', 'FeijaoCarioca', 'PureBatata', 'StrogonoffCarne', 'StrogonoffFrango']"
IMG_20141114_135709306.jpg,"['BifeBovinoChapa', 'CarneBovinaPanela', 'FeijaoCarioca', 'Macarrao', 'PureBatata', 'StrogonoffCarne']"
IMG_20141114_135713838.jpg,"['BifeBovinoChapa', 'CarneBovinaPanela', 'FeijaoCarioca', 'PureBatata', 'StrogonoffCarne']"
IMG_20141114_135717887.jpg,"['BifeBovinoChapa', 'CarneBovinaPanela', 'FeijaoCarioca', 'PureBatata', 'StrogonoffCarne']"
IMG_20141114_135722266.jpg,"['BifeBovinoChapa', 'CarneBovinaPanela', 'FeijaoCarioca', 'PureBatata', 'StrogonoffCarne']"
IMG_20141114_135726840.jpg,"['BifeBovinoChapa', 'FeijaoCarioca', 'PureBatata', 'StrogonoffCarne']"
IMG_20141114_135732309.jpg,"['BifeBovinoChapa', 'FeijaoCarioca', 'PureBatata', 'StrogonoffCarne']"
IMG_20141114_135737352.jpg,"['BifeBovinoChapa', 'FeijaoCarioca', 'Maionese', 'PureBatata', 'StrogonoffCarne']"
IMG_20141114_135747137.jpg,"['BifeBovinoChapa', 'FeijaoCarioca', 'PureBatata', 'StrogonoffCarne']"
IMG_20141114_135752305.jpg,"['BifeBovinoChapa', 'CarneBovinaPanela', 'FeijaoCarioca', 'PureBatata', 'StrogonoffCarne']"
IMG_20141114_135757315.jpg,"['BifeBovinoChapa', 'CarneBovinaPanela', 'FeijaoCarioca', 'Maionese', 'PureBatata', 'StrogonoffCarne']"
IMG_20141114_135805733.jpg,"['BifeBovinoChapa', 'CarneBovinaPanela', 'FeijaoCarioca', 'PureBatata', 'StrogonoffCarne']"
IMG_20141114_135811239.jpg,"['BifeBovinoChapa', 'CarneBovinaPanela', 'FeijaoCarioca', 'PureBatata', 'StrogonoffCarne']"
IMG_20141114_135815907.jpg,"['Beterraba', 'BifeBovinoChapa', 'CarneBovinaPanela', 'FeijaoCarioca', 'PureBatata', 'StrogonoffCarne', 'StrogonoffFrango']"
IMG_20141114_135819953.jpg,"['BifeBovinoChapa', 'CarneBovinaPanela', 'FeijaoCarioca', 'PureBatata', 'StrogonoffCarne', 'StrogonoffFrango']"
IMG_20141114_135824040.jpg,"['BifeBovinoChapa', 'CarneBovinaPanela', 'FeijaoCarioca', 'PureBatata', 'StrogonoffCarne']"
IMG_20141114_135828947.jpg,"['BifeBovinoChapa', 'CarneBovinaPanela', 'FeijaoCarioca', 'PureBatata', 'StrogonoffCarne']"
IMG_20141120_121745664.jpg,"['Alface', 'BifeBovinoChapa', 'FeijaoCarioca', 'Macarrao', 'PureBatata', 'StrogonoffCarne', 'StrogonoffFrango']"
IMG_20141120_121751883.jpg,"['BifeBovinoChapa', 'FeijaoCarioca', 'Macarrao', 'PureBatata', 'StrogonoffFrango']"
IMG_20141120_121757461.jpg,"['BifeBovinoChapa', 'FeijaoCarioca', 'Macarrao', 'PureBatata', 'StrogonoffCarne']"
IMG_20141120_121807602.jpg,"['BifeBovinoChapa', 'FeijaoCarioca', 'Macarrao', 'StrogonoffCarne']"
IMG_20141120_121813337.jpg,"['BifeBovinoChapa', 'FeijaoCarioca', 'Macarrao', 'StrogonoffCarne']"
IMG_20141120_121818960.jpg,"['Alface', 'BifeBovinoChapa', 'Macarrao', 'PureBatata']"
IMG_20141120_121824571.jpg,"['Alface', 'BifeBovinoChapa', 'FeijaoCarioca', 'PeitoFrango', 'PureBatata', 'StrogonoffCarne']"
IMG_20141120_121835721.jpg,"['BifeBovinoChapa', 'FeijaoCarioca', 'Macarrao', 'PureBatata', 'StrogonoffCarne', 'StrogonoffFrango']"
IMG_20141120_122214184.jpg,"['BifeBovinoChapa', 'FeijaoCarioca', 'Macarrao', 'PureBatata', 'StrogonoffCarne']"
IMG_20141120_122220817.jpg,"['BatataFrita', 'BifeBovinoChapa', 'FeijaoCarioca', 'Macarrao', 'PureBatata', 'StrogonoffCarne']"
IMG_20141120_122225900.jpg,"['BatataFrita', 'BifeBovinoChapa', 'FeijaoCarioca', 'Macarrao', 'PureBatata', 'StrogonoffCarne']"
IMG_20141120_122230767.jpg,"['BatataFrita', 'BifeBovinoChapa', 'FeijaoCarioca', 'Macarrao', 'PureBatata', 'StrogonoffCarne']"
IMG_20141120_122237828.jpg,"['BatataFrita', 'BifeBovinoChapa', 'FeijaoCarioca', 'Macarrao', 'PeitoFrango', 'PureBatata', 'StrogonoffCarne']"
IMG_20141120_122243994.jpg,"['BifeBovinoChapa', 'CarneBovinaPanela', 'FeijaoCarioca', 'Macarrao', 'PeitoFrango', 'PureBatata']"
IMG_20141120_122248306.jpg,"['BatataFrita', 'BifeBovinoChapa', 'FeijaoCarioca', 'Macarrao', 'PeitoFrango', 'PureBatata']"
IMG_20150227_140315905.jpg,"['FeijaoCarioca', 'Macarrao', 'PeitoFrango', 'StrogonoffCarne']"
IMG_20150227_140327733.jpg,"['CarneBovinaPanela', 'FeijaoCarioca', 'Macarrao', 'StrogonoffCarne']"
IMG_20150227_140334146.jpg,"['Arroz', 'FeijaoCarioca', 'Macarrao', 'StrogonoffCarne']"
IMG_20150227_140339041.jpg,"['FeijaoCarioca', 'Macarrao', 'StrogonoffCarne']"
IMG_20150303_143036467.jpg,"['BifeBovinoChapa', 'PeitoFrango', 'PureBatata', 'StrogonoffFrango']"
IMG_20150303_143042296.jpg,"['Alface', 'BifeBovinoChapa', 'FeijaoCarioca', 'PeitoFrango', 'PureBatata']"
IMG_20150303_143045563.jpg,"['Alface', 'BifeBovinoChapa', 'FeijaoCarioca', 'Macarrao', 'PeitoFrango', 'PureBatata', 'StrogonoffCarne', 'StrogonoffFrango']"
IMG_20150303_143048723.jpg,"['Alface', 'BifeBovinoChapa', 'FeijaoCarioca', 'PeitoFrango', 'PureBatata', 'StrogonoffCarne', 'StrogonoffFrango']"
IMG_20150303_143052019.jpg,"['BifeBovinoChapa', 'FeijaoCarioca', 'Macarrao', 'PeitoFrango', 'PureBatata', 'StrogonoffCarne', 'StrogonoffFrango']"
IMG_20150303_143055841.jpg,"['FeijaoCarioca', 'Macarrao', 'StrogonoffCarne', 'StrogonoffFrango']"
IMG_20150303_143059689.jpg,"['BifeBovinoChapa', 'FeijaoCarioca', 'Macarrao', 'StrogonoffCarne', 'StrogonoffFrango']"
IMG_20150303_143103643.jpg,"['BifeBovinoChapa', 'PeitoFrango', 'PureBatata', 'StrogonoffCarne']"
IMG_20150303_143107525.jpg,"['BifeBovinoChapa', 'FeijaoCarioca', 'Macarrao', 'PeitoFrango', 'PureBatata', 'StrogonoffFrango']"
IMG_20150303_143110920.jpg,"['BifeBovinoChapa', 'FeijaoCarioca', 'Macarrao', 'PeitoFrango', 'StrogonoffCarne', 'StrogonoffFrango']"
IMG_20150303_143113805.jpg,"['BifeBovinoChapa', 'Macarrao', 'PeitoFrango', 'PureBatata', 'StrogonoffFrango']"
IMG_20150303_143442140.jpg,"['Alface', 'BifeBovinoChapa', 'Macarrao', 'PeitoFrango', 'StrogonoffFrango']"
IMG_20150303_143449192.jpg,"['FeijaoCarioca', 'Macarrao', 'PureBatata', 'StrogonoffFrango']"
IMG_20150303_143456222.jpg,"['BifeBovinoChapa', 'CarneBovinaPanela', 'Macarrao', 'StrogonoffCarne', 'StrogonoffFrango']"
IMG_20150303_143503288.jpg,"['FeijaoCarioca', 'Macarrao', 'PureBatata', 'StrogonoffFrango']"
IMG_20150303_143506248.jpg,"['Alface', 'BifeBovinoChapa', 'Macarrao', 'PeitoFrango', 'StrogonoffFrango']"
IMG_20150303_143509975.jpg,"['Alface', 'Macarrao', 'PeitoFrango', 'PureBatata', 'StrogonoffFrango']"
IMG_20150303_143513107.jpg,"['FeijaoCarioca', 'Macarrao']"
IMG_20150303_143515897.jpg,['Macarrao']
IMG_20150305_140245793.jpg,"['BifeBovinoChapa', 'CarneBovinaPanela', 'FeijaoCarioca', 'PeitoFrango', 'StrogonoffCarne']"
IMG_20150305_140249752.jpg,"['Alface', 'BifeBovinoChapa', 'CarneBovinaPanela', 'FeijaoCarioca', 'PeitoFrango']"
IMG_20150305_140254301.jpg,"['CarneBovinaPanela', 'Cenoura', 'FeijaoCarioca', 'PeitoFrango']"
IMG_20150305_140259332.jpg,"['BifeBovinoChapa', 'CarneBovinaPanela', 'Cenoura', 'FeijaoCarioca', 'PeitoFrango']"
IMG_20150305_141610336.jpg,"['Beterraba', 'BifeBovinoChapa', 'CarneBovinaPanela', 'FeijaoCarioca', 'PeitoFrango', 'PureBatata', 'StrogonoffCarne']"
IMG_20150305_141614529.jpg,"['Beterraba', 'BifeBovinoChapa', 'CarneBovinaPanela', 'FeijaoCarioca', 'PeitoFrango']"
IMG_20150305_141618880.jpg,"['Alface', 'BifeBovinoChapa', 'CarneBovinaPanela', 'FeijaoCarioca', 'PeitoFrango', 'PureBatata']"
IMG_20150305_141622240.jpg,"['Alface', 'BifeBovinoChapa', 'CarneBovinaPanela', 'FeijaoCarioca', 'PeitoFrango', 'PureBatata', 'StrogonoffCarne']"
IMG_20150305_141625367.jpg,"['BifeBovinoChapa', 'CarneBovinaPanela', 'FeijaoCarioca', 'PeitoFrango', 'PureBatata', 'StrogonoffCarne']"
IMG_20150305_141630286.jpg,"['Alface', 'Beterraba', 'BifeBovinoChapa', 'CarneBovinaPanela', 'FeijaoCarioca', 'PeitoFrango', 'StrogonoffCarne', 'StrogonoffFrango']"
IMG_20150305_141638403.jpg,"['Alface', 'Beterraba', 'BifeBovinoChapa', 'CarneBovinaPanela', 'FeijaoCarioca', 'PeitoFrango', 'PureBatata', 'StrogonoffCarne']"
IMG_20150305_141642959.jpg,"['Beterraba', 'BifeBovinoChapa', 'CarneBovinaPanela', 'FeijaoCarioca', 'PeitoFrango', 'PureBatata', 'StrogonoffCarne']"
IMG_20150305_141646986.jpg,"['Beterraba', 'BifeBovinoChapa', 'CarneBovinaPanela', 'FeijaoCarioca', 'PeitoFrango', 'StrogonoffCarne', 'StrogonoffFrango']"
IMG_20150305_141652808.jpg,"['Alface', 'BifeBovinoChapa', 'CarneBovinaPanela', 'FeijaoCarioca', 'PeitoFrango', 'PureBatata', 'StrogonoffCarne']"
IMG_20150305_141657828.jpg,"['Alface', 'Beterraba', 'BifeBovinoChapa', 'CarneBovinaPanela', 'FeijaoCarioca', 'PeitoFrango', 'PureBatata', 'StrogonoffCarne']"
IMG_20150305_141709848.jpg,"['Beterraba', 'BifeBovinoChapa', 'CarneBovinaPanela', 'FeijaoCarioca', 'PeitoFrango', 'PureBatata', 'StrogonoffCarne']"
IMG_20150305_141955396.jpg,"['BifeBovinoChapa', 'CarneBovinaPanela', 'FeijaoCarioca', 'PeitoFrango']"
IMG_20150305_142018869.jpg,"['Beterraba', 'BifeBovinoChapa', 'FeijaoCarioca', 'PeitoFrango', 'Tomate']"
IMG_20150305_142023190.jpg,"['BifeBovinoChapa', 'FeijaoCarioca', 'PeitoFrango', 'Tomate']"
IMG_20150305_142027510.jpg,"['Beterraba', 'BifeBovinoChapa', 'FeijaoCarioca', 'PeitoFrango', 'Tomate']"
IMG_20150305_144732937.jpg,"['Alface', 'Beterraba', 'BifeBovinoChapa', 'CarneBovinaPanela', 'PureBatata']"
IMG_20150305_144739342.jpg,"['Alface', 'Beterraba', 'BifeBovinoChapa', 'CarneBovinaPanela', 'FeijaoCarioca', 'PureBatata']"
IMG_20150305_144743899.jpg,"['Alface', 'BifeBovinoChapa', 'CarneBovinaPanela']"
IMG_20150305_144749206.jpg,"['BifeBovinoChapa', 'CarneBovinaPanela', 'FeijaoCarioca', 'PeitoFrango']"
IMG_20150305_144753355.jpg,"['Alface', 'BifeBovinoChapa', 'CarneBovinaPanela', 'FeijaoCarioca', 'PeitoFrango']"
IMG_20150305_144757638.jpg,"['Alface', 'BifeBovinoChapa', 'CarneBovinaPanela', 'FeijaoCarioca', 'StrogonoffCarne']"
IMG_20150305_144806628.jpg,"['CarneBovinaPanela', 'Cenoura', 'FeijaoCarioca', 'PeitoFrango']"
IMG_20150309_142923008.jpg,"['Alface', 'BifeBovinoChapa', 'CarneBovinaPanela', 'Cenoura', 'PeitoFrango']"
IMG_20150309_142946997.jpg,"['BifeBovinoChapa', 'CarneBovinaPanela', 'Cenoura', 'Macarrao', 'PeitoFrango']"
IMG_20150309_142954229.jpg,"['BifeBovinoChapa', 'CarneBovinaPanela', 'Cenoura', 'FeijaoCarioca', 'Macarrao', 'PeitoFrango']"
IMG_20150309_143003835.jpg,"['Alface', 'BifeBovinoChapa', 'CarneBovinaPanela', 'Cenoura', 'FeijaoCarioca', 'Macarrao', 'PeitoFrango', 'StrogonoffCarne']"
IMG_20150309_143013831.jpg,"['Alface', 'BifeBovinoChapa', 'CarneBovinaPanela', 'Macarrao', 'PeitoFrango', 'StrogonoffCarne']"
IMG_20150309_143017753.jpg,"['Alface', 'BifeBovinoChapa', 'CarneBovinaPanela', 'Cenoura', 'Macarrao', 'PeitoFrango', 'StrogonoffCarne']"
IMG_20150309_143041657.jpg,"['BifeBovinoChapa', 'CarneBovinaPanela', 'Cenoura', 'FeijaoCarioca', 'PeitoFrango', 'StrogonoffCarne']"
IMG_20150312_140416703.jpg,"['BifeBovinoChapa', 'CarneBovinaPanela', 'FeijaoCarioca', 'Macarrao', 'StrogonoffCarne', 'StrogonoffFrango']"
IMG_20150312_140422256.jpg,"['BifeBovinoChapa', 'CarneBovinaPanela', 'FeijaoCarioca', 'PureBatata', 'StrogonoffCarne', 'StrogonoffFrango']"
IMG_20150312_140427003.jpg,"['BifeBovinoChapa', 'CarneBovinaPanela', 'FeijaoCarioca', 'PeitoFrango', 'PureBatata', 'StrogonoffCarne']"
IMG_20150312_140430226.jpg,"['BifeBovinoChapa', 'FeijaoCarioca', 'Macarrao', 'StrogonoffCarne']"
IMG_20150312_140434723.jpg,"['BifeBovinoChapa', 'FeijaoCarioca', 'Macarrao', 'PureBatata', 'StrogonoffCarne']"
IMG_20150312_140438603.jpg,"['BifeBovinoChapa', 'CarneBovinaPanela', 'FeijaoCarioca', 'Macarrao', 'StrogonoffCarne']"
IMG_20150312_140443382.jpg,"['BifeBovinoChapa', 'CarneBovinaPanela', 'Cenoura', 'FeijaoCarioca', 'PeitoFrango', 'StrogonoffCarne']"
IMG_20150312_140448485.jpg,"['BifeBovinoChapa', 'CarneBovinaPanela', 'Cenoura', 'FeijaoCarioca', 'PureBatata', 'StrogonoffCarne']"
IMG_20150312_140452112.jpg,"['BifeBovinoChapa', 'CarneBovinaPanela', 'FeijaoCarioca', 'PureBatata', 'StrogonoffCarne']"
IMG_20150312_140455354.jpg,"['BifeBovinoChapa', 'CarneBovinaPanela', 'FeijaoCarioca', 'PeitoFrango', 'PureBatata', 'StrogonoffCarne', 'StrogonoffFrango']"
IMG_20150312_140554320.jpg,"['BifeBovinoChapa', 'FeijaoCarioca', 'Macarrao', 'StrogonoffCarne', 'StrogonoffFrango']"
IMG_20150312_140557479.jpg,"['BifeBovinoChapa', 'CarneBovinaPanela', 'FeijaoCarioca', 'Macarrao', 'StrogonoffCarne']"
IMG_20150312_140601168.jpg,"['BifeBovinoChapa', 'CarneBovinaPanela', 'FeijaoCarioca', 'Macarrao', 'PureBatata', 'StrogonoffCarne']"
IMG_20150312_140604474.jpg,"['CarneBovinaPanela', 'FeijaoCarioca', 'StrogonoffCarne']"
IMG_20150312_140609296.jpg,"['BifeBovinoChapa', 'CarneBovinaPanela', 'FeijaoCarioca', 'PureBatata', 'StrogonoffCarne', 'StrogonoffFrango']"
IMG_20150312_140619674.jpg,"['BifeBovinoChapa', 'CarneBovinaPanela', 'FeijaoCarioca', 'Macarrao', 'PureBatata', 'StrogonoffCarne', 'StrogonoffFrango']"
IMG_20150319_133153321.jpg,"['BifeBovinoChapa', 'CarneBovinaPanela', 'FeijaoCarioca', 'PeitoFrango', 'PureBatata', 'StrogonoffCarne']"
IMG_20150319_133202677.jpg,"['BifeBovinoChapa', 'CarneBovinaPanela', 'FeijaoCarioca', 'PeitoFrango', 'PureBatata', 'StrogonoffCarne']"
IMG_20150319_133206559.jpg,"['BifeBovinoChapa', 'CarneBovinaPanela', 'FeijaoCarioca', 'Macarrao', 'PeitoFrango', 'PureBatata', 'StrogonoffCarne']"
IMG_20150319_133212417.jpg,"['BifeBovinoChapa', 'CarneBovinaPanela', 'FeijaoCarioca', 'PureBatata', 'StrogonoffCarne']"
IMG_20150319_133216060.jpg,"['BifeBovinoChapa', 'CarneBovinaPanela', 'FeijaoCarioca', 'PureBatata', 'StrogonoffCarne']"
IMG_20150319_133235321.jpg,"['CarneBovinaPanela', 'FeijaoCarioca', 'StrogonoffCarne']"
IMG_20150319_133239692.jpg,"['FeijaoCarioca', 'PeitoFrango', 'PureBatata', 'StrogonoffCarne']"
IMG_20150319_133255962.jpg,"['BifeBovinoChapa', 'FeijaoCarioca', 'PeitoFrango', 'StrogonoffCarne']"
IMG_20150323_140948751.jpg,"['BifeBovinoChapa', 'FeijaoCarioca', 'Macarrao', 'PureBatata', 'StrogonoffCarne']"
IMG_20150323_140952884.jpg,"['BifeBovinoChapa', 'FeijaoCarioca', 'Macarrao', 'PeitoFrango', 'PureBatata', 'StrogonoffCarne', 'StrogonoffFrango']"
IMG_20150323_140956006.jpg,"['BifeBovinoChapa', 'Cenoura', 'FeijaoCarioca', 'PeitoFrango', 'PureBatata', 'StrogonoffCarne']"
IMG_20150323_140959659.jpg,"['BifeBovinoChapa', 'Macarrao', 'PeitoFrango', 'PureBatata', 'StrogonoffCarne']"
IMG_20150323_141003935.jpg,"['BifeBovinoChapa', 'FeijaoCarioca', 'PeitoFrango', 'PureBatata', 'StrogonoffCarne']"
IMG_20150323_141007842.jpg,"['BifeBovinoChapa', 'FeijaoCarioca', 'Macarrao', 'PureBatata', 'StrogonoffCarne']"
IMG_20150323_141010938.jpg,"['BifeBovinoChapa', 'FeijaoCarioca', 'Macarrao', 'PeitoFrango', 'PureBatata', 'StrogonoffCarne']"
prato_2_1.jpg,"['BifeBovinoChapa', 'CarneBovinaPanela', 'FeijaoCarioca', 'PeitoFrango', 'PureBatata', 'StrogonoffCarne']"
prato_2_2.jpg,"['BifeBovinoChapa', 'CarneBovinaPanela', 'FeijaoCarioca', 'PeitoFrango', 'PureBatata', 'StrogonoffCarne']"
prato_2_3.jpg,"['BifeBovinoChapa', 'CarneBovinaPanela', 'FeijaoCarioca', 'PeitoFrango', 'StrogonoffCarne']"
prato_2_4.jpg,"['BifeBovinoChapa', 'CarneBovinaPanela', 'FeijaoCarioca', 'PeitoFrango', 'PureBatata', 'StrogonoffCarne']"
prato_2_5.jpg,"['Beterraba', 'BifeBovinoChapa', 'CarneBovinaPanela', 'FeijaoCarioca', 'PeitoFrango', 'PureBatata', 'StrogonoffCarne']"
prato_2_6.jpg,"['BifeBovinoChapa', 'CarneBovinaPanela', 'FeijaoCarioca', 'PeitoFrango', 'PureBatata', 'StrogonoffCarne']"
prato_2_7.jpg,"['BifeBovinoChapa', 'CarneBovinaPanela', 'FeijaoCarioca', 'PeitoFrango', 'PureBatata', 'StrogonoffCarne']"
prato_3_1.jpg,"['Alface', 'BifeBovinoChapa', 'CarneBovinaPanela', 'Cenoura', 'FeijaoCarioca', 'PeitoFrango', 'PureBatata', 'StrogonoffCarne']"
prato_3_2.jpg,"['Alface', 'BifeBovinoChapa', 'CarneBovinaPanela', 'FeijaoCarioca', 'PureBatata', 'StrogonoffCarne']"
prato_3_3.jpg,"['BifeBovinoChapa', 'CarneBovinaPanela', 'Cenoura', 'FeijaoCarioca', 'Macarrao', 'PeitoFrango', 'StrogonoffCarne']"
prato_3_4.jpg,"['Alface', 'BifeBovinoChapa', 'Cenoura', 'FeijaoCarioca', 'Macarrao', 'PeitoFrango', 'PureBatata', 'StrogonoffCarne']"
prato_3_5.jpg,"['BifeBovinoChapa', 'CarneBovinaPanela', 'Cenoura', 'FeijaoCarioca', 'Macarrao', 'PeitoFrango', 'PureBatata', 'StrogonoffCarne']"
prato_3_6.jpg,"['BifeBovinoChapa', 'CarneBovinaPanela', 'Cenoura', 'FeijaoCarioca', 'PeitoFrango', 'PureBatata', 'StrogonoffCarne']"
prato_4_1.jpg,"['BifeBovinoChapa', 'CarneBovinaPanela', 'FeijaoCarioca', 'PeitoFrango', 'PureBatata']"
prato_4_2.jpg,"['Arroz', 'BifeBovinoChapa', 'FeijaoCarioca', 'PeitoFrango', 'PureBatata']"
prato_4_3.jpg,"['Arroz', 'BifeBovinoChapa', 'CarneBovinaPanela', 'FeijaoCarioca', 'PeitoFrango', 'PureBatata']"
prato_4_4.jpg,"['BifeBovinoChapa', 'CarneBovinaPanela', 'FeijaoCarioca', 'PeitoFrango', 'PureBatata']"
prato_4_5.jpg,"['Arroz', 'BifeBovinoChapa', 'FeijaoCarioca', 'PeitoFrango', 'PureBatata', 'StrogonoffFrango', 'Tomate']"
prato_4_6.jpg,"['BifeBovinoChapa', 'Cenoura', 'FeijaoCarioca', 'PeitoFrango', 'PureBatata']"
prato_dia1_1.jpg,"['Alface', 'BifeBovinoChapa', 'FeijaoCarioca', 'Macarrao', 'Maionese', 'PeitoFrango', 'PureBatata', 'StrogonoffCarne']"
prato_dia1_2.jpg,"['Alface', 'BifeBovinoChapa', 'FeijaoCarioca', 'Macarrao', 'Maionese', 'PeitoFrango', 'PureBatata', 'StrogonoffCarne']"
prato_dia1_3.jpg,"['BifeBovinoChapa', 'FeijaoCarioca', 'Macarrao', 'PeitoFrango', 'PureBatata']"
prato_dia1_4.jpg,"['BifeBovinoChapa', 'FeijaoCarioca', 'Macarrao', 'Maionese', 'PeitoFrango', 'PureBatata', 'StrogonoffCarne']"
